//UC1 Create database

mysql> create database AddressBookDB;
Query OK, 1 row affected (0.02 sec)

mysql> use AddressBookDB;
Database changed

//UC2 Create table

mysql> create table addressBook (id int auto_increment primary key, first_name varchar(50) not null, last_name varchar(50), address varchar(255), city varchar(20), state varchar(50), zip varchar(10), phone varchar(15), email varchar(100));
Query OK, 0 rows affected (0.10 sec)

mysql> show tables;
+-------------------------+
| Tables_in_addressbookdb |
+-------------------------+
| addressbook             |
+-------------------------+
1 row in set (0.01 sec)

//UC3 insert contact

mysql> insert into addressbook(first_name, last_name, address, city, state, zip, phone, email) values("Rohit", "Jadhav", "AP Khodad, Tal - Junnar, Dist - Pune", "Narayangaon", "Maharashtra", "410504", "7875678797", "jadhavrohit3004@gmail.com");
Query OK, 1 row affected (0.03 sec)

mysql> select * from addressbook;
+----+------------+-----------+--------------------------------------+-------------+-------------+--------+------------+---------------------------+
| id | first_name | last_name | address                              | city        | state       | zip    | phone      | email                     |
+----+------------+-----------+--------------------------------------+-------------+-------------+--------+------------+---------------------------+
|  1 | Rohit      | Jadhav    | AP Khodad, Tal - Junnar, Dist - Pune | Narayangaon | Maharashtra | 410504 | 7875678797 | jadhavrohit3004@gmail.com |
+----+------------+-----------+--------------------------------------+-------------+-------------+--------+------------+---------------------------+
1 row in set (0.00 sec)

//UC4 Update contacts

mysql> update addressbook set phone = "8805503582" where first_name = 'Rohit' and last_name = 'Jadhav';
Query OK, 1 row affected (0.01 sec)
Rows matched: 1  Changed: 1  Warnings: 0

mysql> select * from addressbook;
+----+------------+-----------+--------------------------------------+-------------+-------------+--------+------------+---------------------------+
| id | first_name | last_name | address                              | city        | state       | zip    | phone      | email                     |
+----+------------+-----------+--------------------------------------+-------------+-------------+--------+------------+---------------------------+
|  1 | Rohit      | Jadhav    | AP Khodad, Tal - Junnar, Dist - Pune | Narayangaon | Maharashtra | 410504 | 8805503582 | jadhavrohit3004@gmail.com |
|  2 | Vaibhav    | Thete     | AP Khodad, Tal - Junnar, Dist - Pune | Narayangaon | Maharashtra | 410504 | 8329600808 | vaibhav21@gmail.com       |
+----+------------+-----------+--------------------------------------+-------------+-------------+--------+------------+---------------------------+
2 rows in set (0.00 sec)

//UC5 delete contact

mysql> delete from addressbook where first_name = 'vaibhav';
Query OK, 1 row affected (0.01 sec)

mysql> select * from addressbook;
+----+------------+-----------+--------------------------------------+-------------+-------------+--------+------------+---------------------------+
| id | first_name | last_name | address                              | city        | state       | zip    | phone      | email                     |
+----+------------+-----------+--------------------------------------+-------------+-------------+--------+------------+---------------------------+
|  1 | Rohit      | Jadhav    | AP Khodad, Tal - Junnar, Dist - Pune | Narayangaon | Maharashtra | 410504 | 8805503582 | jadhavrohit3004@gmail.com |
+----+------------+-----------+--------------------------------------+-------------+-------------+--------+------------+---------------------------+
1 row in set (0.00 sec)

//UC6 Retrieve Person

mysql> select * from addressbook where city = 'Narayangaon';
+----+------------+-----------+--------------------------------------+-------------+-------------+--------+------------+---------------------------+
| id | first_name | last_name | address                              | city        | state       | zip    | phone      | email                     |
+----+------------+-----------+--------------------------------------+-------------+-------------+--------+------------+---------------------------+
|  1 | Rohit      | Jadhav    | AP Khodad, Tal - Junnar, Dist - Pune | Narayangaon | Maharashtra | 410504 | 8805503582 | jadhavrohit3004@gmail.com |
|  3 | Vaibhav    | Thete     | AP Khodad, Tal - Junnar, Dist - Pune | Narayangaon | Maharashtra | 410504 | 8329600808 | vaibhav21@gmail.com       |
+----+------------+-----------+--------------------------------------+-------------+-------------+--------+------------+---------------------------+
2 rows in set (0.00 sec)

//UC7 Size of addressBook using city and state

mysql> select count(*) from addressbook where city = 'Narayangaon' and state = 'Maharashtra';
+----------+
| count(*) |
+----------+
|        2 |
+----------+
1 row in set (0.01 sec)

//UC8 sorting contacts

mysql> select * from addressbook where city = "Narayangaon" order by first_name, last_name;
+----+------------+-----------+--------------------------------------+-------------+-------------+--------+------------+----------------------------+
| id | first_name | last_name | address                              | city        | state       | zip    | phone      | email                      |
+----+------------+-----------+--------------------------------------+-------------+-------------+--------+------------+----------------------------+
|  7 | Akash      | Chaudhari | Ap Khodad, tal - Junnar, dist - Pune | Narayangaon | Maharashtra | 410504 | 9745125846 | chaudhariakash21@gmail.com |
|  1 | Rohit      | Jadhav    | AP Khodad, Tal - Junnar, Dist - Pune | Narayangaon | Maharashtra | 410504 | 8805503582 | jadhavrohit3004@gmail.com  |
|  3 | Vaibhav    | Thete     | AP Khodad, Tal - Junnar, Dist - Pune | Narayangaon | Maharashtra | 410504 | 8329600808 | vaibhav21@gmail.com        |
+----+------------+-----------+--------------------------------------+-------------+-------------+--------+------------+----------------------------+
3 rows in set (0.01 sec)
